{
  "Create new character" : {
    "transaction" : "Create new character",
    "sampleCount" : 17259,
    "errorCount" : 0,
    "errorPct" : 0.0,
    "meanResTime" : 95.11275276667217,
    "medianResTime" : 98.0,
    "minResTime" : 2.0,
    "maxResTime" : 288.0,
    "pct1ResTime" : 134.0,
    "pct2ResTime" : 141.0,
    "pct3ResTime" : 162.0,
    "throughput" : 574.2281075326058,
    "receivedKBytesPerSec" : 157.01549815344688,
    "sentKBytesPerSec" : 120.00470216013441
  },
  "Delete character" : {
    "transaction" : "Delete character",
    "sampleCount" : 17000,
    "errorCount" : 0,
    "errorPct" : 0.0,
    "meanResTime" : 93.52341176470567,
    "medianResTime" : 98.0,
    "minResTime" : 20.0,
    "maxResTime" : 163.0,
    "pct1ResTime" : 133.0,
    "pct2ResTime" : 139.0,
    "pct3ResTime" : 150.0,
    "throughput" : 567.9160820471704,
    "receivedKBytesPerSec" : 162.49942582013762,
    "sentKBytesPerSec" : 102.04742099285093
  },
  "Total" : {
    "transaction" : "Total",
    "sampleCount" : 86463,
    "errorCount" : 945,
    "errorPct" : 1.0929531,
    "meanResTime" : 343.1309461850734,
    "medianResTime" : 131.0,
    "minResTime" : 2.0,
    "maxResTime" : 32594.0,
    "pct1ResTime" : 146.0,
    "pct2ResTime" : 150.0,
    "pct3ResTime" : 29420.0,
    "throughput" : 2524.4671532846714,
    "receivedKBytesPerSec" : 54321.635207572996,
    "sentKBytesPerSec" : 460.8930770985401
  },
  "Get all characters" : {
    "transaction" : "Get all characters",
    "sampleCount" : 17922,
    "errorCount" : 945,
    "errorPct" : 5.272849,
    "meanResTime" : 1296.2243611204094,
    "medianResTime" : 101.0,
    "minResTime" : 19.0,
    "maxResTime" : 32594.0,
    "pct1ResTime" : 141.0,
    "pct2ResTime" : 2718.999999999942,
    "pct3ResTime" : 29434.77,
    "throughput" : 523.2700729927006,
    "receivedKBytesPerSec" : 53773.018932481755,
    "sentKBytesPerSec" : 80.73893704379562
  },
  "Update character" : {
    "transaction" : "Update character",
    "sampleCount" : 17101,
    "errorCount" : 0,
    "errorPct" : 0.0,
    "meanResTime" : 93.8522308636919,
    "medianResTime" : 98.0,
    "minResTime" : 20.0,
    "maxResTime" : 163.0,
    "pct1ResTime" : 133.0,
    "pct2ResTime" : 140.0,
    "pct3ResTime" : 150.0,
    "throughput" : 570.7753412769935,
    "receivedKBytesPerSec" : 153.28439340934884,
    "sentKBytesPerSec" : 121.51271913904743
  },
  "Get character by id" : {
    "transaction" : "Get character by id",
    "sampleCount" : 17181,
    "errorCount" : 0,
    "errorPct" : 0.0,
    "meanResTime" : 93.17164309411547,
    "medianResTime" : 97.0,
    "minResTime" : 10.0,
    "maxResTime" : 163.0,
    "pct1ResTime" : 133.0,
    "pct2ResTime" : 139.0,
    "pct3ResTime" : 149.1800000000003,
    "throughput" : 573.2158943048744,
    "receivedKBytesPerSec" : 153.93981536507857,
    "sentKBytesPerSec" : 90.68454577870084
  }
}