{
  "Create new character" : {
    "transaction" : "Create new character",
    "sampleCount" : 100,
    "errorCount" : 0,
    "errorPct" : 0.0,
    "meanResTime" : 2.1999999999999993,
    "medianResTime" : 1.0,
    "minResTime" : 0.0,
    "maxResTime" : 10.0,
    "pct1ResTime" : 6.900000000000006,
    "pct2ResTime" : 8.0,
    "pct3ResTime" : 9.989999999999995,
    "throughput" : 117.23329425556858,
    "receivedKBytesPerSec" : 31.827007620164128,
    "sentKBytesPerSec" : 24.499926729191092
  },
  "Delete character" : {
    "transaction" : "Delete character",
    "sampleCount" : 100,
    "errorCount" : 0,
    "errorPct" : 0.0,
    "meanResTime" : 1.7499999999999996,
    "medianResTime" : 1.0,
    "minResTime" : 0.0,
    "maxResTime" : 7.0,
    "pct1ResTime" : 5.0,
    "pct2ResTime" : 6.0,
    "pct3ResTime" : 7.0,
    "throughput" : 122.39902080783354,
    "receivedKBytesPerSec" : 35.022376070991434,
    "sentKBytesPerSec" : 21.75451346389229
  },
  "Total" : {
    "transaction" : "Total",
    "sampleCount" : 500,
    "errorCount" : 0,
    "errorPct" : 0.0,
    "meanResTime" : 2.9100000000000015,
    "medianResTime" : 1.0,
    "minResTime" : 0.0,
    "maxResTime" : 38.0,
    "pct1ResTime" : 5.0,
    "pct2ResTime" : 9.0,
    "pct3ResTime" : 38.0,
    "throughput" : 557.4136008918617,
    "receivedKBytesPerSec" : 189.9234427257525,
    "sentKBytesPerSec" : 101.24895484949833
  },
  "Get all characters" : {
    "transaction" : "Get all characters",
    "sampleCount" : 100,
    "errorCount" : 0,
    "errorPct" : 0.0,
    "meanResTime" : 6.750000000000002,
    "medianResTime" : 2.0,
    "minResTime" : 1.0,
    "maxResTime" : 38.0,
    "pct1ResTime" : 37.900000000000006,
    "pct2ResTime" : 38.0,
    "pct3ResTime" : 38.0,
    "throughput" : 111.98208286674132,
    "receivedKBytesPerSec" : 68.62183300671893,
    "sentKBytesPerSec" : 17.278485442329227
  },
  "Update character" : {
    "transaction" : "Update character",
    "sampleCount" : 100,
    "errorCount" : 0,
    "errorPct" : 0.0,
    "meanResTime" : 2.0500000000000003,
    "medianResTime" : 1.0,
    "minResTime" : 0.0,
    "maxResTime" : 10.0,
    "pct1ResTime" : 5.0,
    "pct2ResTime" : 8.949999999999989,
    "pct3ResTime" : 10.0,
    "throughput" : 121.95121951219512,
    "receivedKBytesPerSec" : 32.51238567073171,
    "sentKBytesPerSec" : 25.72408536585366
  },
  "Get character by id" : {
    "transaction" : "Get character by id",
    "sampleCount" : 100,
    "errorCount" : 0,
    "errorPct" : 0.0,
    "meanResTime" : 1.800000000000002,
    "medianResTime" : 1.0,
    "minResTime" : 0.0,
    "maxResTime" : 11.0,
    "pct1ResTime" : 4.900000000000006,
    "pct2ResTime" : 5.949999999999989,
    "pct3ResTime" : 11.0,
    "throughput" : 121.50668286755771,
    "receivedKBytesPerSec" : 32.39387150668287,
    "sentKBytesPerSec" : 18.985419198055894
  }
}