{
  "Create new character" : {
    "transaction" : "Create new character",
    "sampleCount" : 28229,
    "errorCount" : 659,
    "errorPct" : 2.3344786,
    "meanResTime" : 1117.9261752098937,
    "medianResTime" : 471.0,
    "minResTime" : 3.0,
    "maxResTime" : 64697.0,
    "pct1ResTime" : 838.0,
    "pct2ResTime" : 890.0,
    "pct3ResTime" : 56939.0,
    "throughput" : 331.04265124951627,
    "receivedKBytesPerSec" : 91.59854599345631,
    "sentKBytesPerSec" : 69.05530161217501
  },
  "Delete character" : {
    "transaction" : "Delete character",
    "sampleCount" : 27102,
    "errorCount" : 36,
    "errorPct" : 0.13283153,
    "meanResTime" : 412.083167293926,
    "medianResTime" : 443.0,
    "minResTime" : 9.0,
    "maxResTime" : 1508.0,
    "pct1ResTime" : 502.0,
    "pct2ResTime" : 620.0,
    "pct3ResTime" : 871.9900000000016,
    "throughput" : 446.99905988685657,
    "receivedKBytesPerSec" : 127.9010981902822,
    "sentKBytesPerSec" : 80.32014357341954
  },
  "Total" : {
    "transaction" : "Total",
    "sampleCount" : 141819,
    "errorCount" : 6107,
    "errorPct" : 4.306193,
    "meanResTime" : 2264.1950232338404,
    "medianResTime" : 475.0,
    "minResTime" : 3.0,
    "maxResTime" : 112900.0,
    "pct1ResTime" : 65093.0,
    "pct2ResTime" : 65458.0,
    "pct3ResTime" : 66099.99,
    "throughput" : 1235.12044730104,
    "receivedKBytesPerSec" : 42350.930007764735,
    "sentKBytesPerSec" : 224.08769456746094
  },
  "Get all characters" : {
    "transaction" : "Get all characters",
    "sampleCount" : 31968,
    "errorCount" : 4975,
    "errorPct" : 15.562437,
    "meanResTime" : 8115.8614552052195,
    "medianResTime" : 555.5,
    "minResTime" : 20.0,
    "maxResTime" : 112900.0,
    "pct1ResTime" : 65093.0,
    "pct2ResTime" : 65458.0,
    "pct3ResTime" : 66099.99,
    "throughput" : 278.41354444270263,
    "receivedKBytesPerSec" : 42087.75907797776,
    "sentKBytesPerSec" : 42.32272629047569
  },
  "Update character" : {
    "transaction" : "Update character",
    "sampleCount" : 27203,
    "errorCount" : 51,
    "errorPct" : 0.18747932,
    "meanResTime" : 272.7153990368739,
    "medianResTime" : 244.0,
    "minResTime" : 19.0,
    "maxResTime" : 1506.0,
    "pct1ResTime" : 324.0,
    "pct2ResTime" : 487.0,
    "pct3ResTime" : 881.0,
    "throughput" : 448.4725588143166,
    "receivedKBytesPerSec" : 120.43940788470417,
    "sentKBytesPerSec" : 95.47560334132912
  },
  "Get character by id" : {
    "transaction" : "Get character by id",
    "sampleCount" : 27317,
    "errorCount" : 386,
    "errorPct" : 1.4130394,
    "meanResTime" : 421.46363070615087,
    "medianResTime" : 253.0,
    "minResTime" : 15.0,
    "maxResTime" : 31998.0,
    "pct1ResTime" : 862.0,
    "pct2ResTime" : 908.9500000000007,
    "pct3ResTime" : 986.0,
    "throughput" : 352.6321224795394,
    "receivedKBytesPerSec" : 94.83728395763949,
    "sentKBytesPerSec" : 55.778149849611445
  }
}