{
  "Create new character" : {
    "transaction" : "Create new character",
    "sampleCount" : 20000,
    "errorCount" : 354,
    "errorPct" : 1.77,
    "meanResTime" : 666.1569000000021,
    "medianResTime" : 5.0,
    "minResTime" : 0.0,
    "maxResTime" : 30140.0,
    "pct1ResTime" : 880.6000000000058,
    "pct2ResTime" : 3732.9500000000007,
    "pct3ResTime" : 14347.780000000035,
    "throughput" : 333.87309483665257,
    "receivedKBytesPerSec" : 104.27922928526118,
    "sentKBytesPerSec" : 68.53925565080213
  },
  "Delete character" : {
    "transaction" : "Delete character",
    "sampleCount" : 20000,
    "errorCount" : 354,
    "errorPct" : 1.77,
    "meanResTime" : 32.60200000000016,
    "medianResTime" : 4.0,
    "minResTime" : 0.0,
    "maxResTime" : 10375.0,
    "pct1ResTime" : 75.0,
    "pct2ResTime" : 89.0,
    "pct3ResTime" : 189.0,
    "throughput" : 337.0123852051563,
    "receivedKBytesPerSec" : 97.75009675941529,
    "sentKBytesPerSec" : 59.87773756740248
  },
  "Total" : {
    "transaction" : "Total",
    "sampleCount" : 100000,
    "errorCount" : 3742,
    "errorPct" : 3.742,
    "meanResTime" : 915.2514899999939,
    "medianResTime" : 3.0,
    "minResTime" : 0.0,
    "maxResTime" : 30203.0,
    "pct1ResTime" : 7.0,
    "pct2ResTime" : 2885.0,
    "pct3ResTime" : 5357.94000000001,
    "throughput" : 1659.6683982540287,
    "receivedKBytesPerSec" : 1093.1303958672183,
    "sentKBytesPerSec" : 293.9092017461786
  },
  "Get all characters" : {
    "transaction" : "Get all characters",
    "sampleCount" : 20000,
    "errorCount" : 2326,
    "errorPct" : 11.63,
    "meanResTime" : 3773.904700000026,
    "medianResTime" : 6.0,
    "minResTime" : 0.0,
    "maxResTime" : 30203.0,
    "pct1ResTime" : 15909.0,
    "pct2ResTime" : 30036.0,
    "pct3ResTime" : 30149.0,
    "throughput" : 331.9502074688797,
    "receivedKBytesPerSec" : 709.4693335062241,
    "sentKBytesPerSec" : 45.2621239626556
  },
  "Update character" : {
    "transaction" : "Update character",
    "sampleCount" : 20000,
    "errorCount" : 354,
    "errorPct" : 1.77,
    "meanResTime" : 34.12525000000031,
    "medianResTime" : 4.0,
    "minResTime" : 0.0,
    "maxResTime" : 10400.0,
    "pct1ResTime" : 75.0,
    "pct2ResTime" : 85.0,
    "pct3ResTime" : 178.0,
    "throughput" : 336.07797008906067,
    "receivedKBytesPerSec" : 92.36190608721223,
    "sentKBytesPerSec" : 70.72915135061335
  },
  "Get character by id" : {
    "transaction" : "Get character by id",
    "sampleCount" : 20000,
    "errorCount" : 354,
    "errorPct" : 1.77,
    "meanResTime" : 69.46859999999953,
    "medianResTime" : 5.0,
    "minResTime" : 0.0,
    "maxResTime" : 15599.0,
    "pct1ResTime" : 79.0,
    "pct2ResTime" : 91.0,
    "pct3ResTime" : 1829.9700000000048,
    "throughput" : 335.27794541675047,
    "receivedKBytesPerSec" : 93.45509292437806,
    "sentKBytesPerSec" : 52.19648963991148
  }
}