{
  "Create new character" : {
    "transaction" : "Create new character",
    "sampleCount" : 57908,
    "errorCount" : 10446,
    "errorPct" : 18.038958,
    "meanResTime" : 6249.355598535617,
    "medianResTime" : 712.0,
    "minResTime" : 0.0,
    "maxResTime" : 141148.0,
    "pct1ResTime" : 65213.0,
    "pct2ResTime" : 65935.0,
    "pct3ResTime" : 131488.0,
    "throughput" : 209.32468677930322,
    "receivedKBytesPerSec" : 101.24713514555816,
    "sentKBytesPerSec" : 39.5521826833055
  },
  "Delete character" : {
    "transaction" : "Delete character",
    "sampleCount" : 49051,
    "errorCount" : 1567,
    "errorPct" : 3.1946342,
    "meanResTime" : 1172.7421663166936,
    "medianResTime" : 287.5,
    "minResTime" : 1.0,
    "maxResTime" : 133613.0,
    "pct1ResTime" : 818.0,
    "pct2ResTime" : 1046.0,
    "pct3ResTime" : 66856.77000000003,
    "throughput" : 208.2915767839247,
    "receivedKBytesPerSec" : 63.92254948549208,
    "sentKBytesPerSec" : 37.07838104638374
  },
  "Total" : {
    "transaction" : "Total",
    "sampleCount" : 269481,
    "errorCount" : 31796,
    "errorPct" : 11.798977,
    "meanResTime" : 7133.365832841607,
    "medianResTime" : 3373.0,
    "minResTime" : 0.0,
    "maxResTime" : 174364.0,
    "pct1ResTime" : 67023.30000000002,
    "pct2ResTime" : 131182.0,
    "pct3ResTime" : 172822.94,
    "throughput" : 973.477637335048,
    "receivedKBytesPerSec" : 45254.31151798713,
    "sentKBytesPerSec" : 165.94192323479265
  },
  "Get all characters" : {
    "transaction" : "Get all characters",
    "sampleCount" : 58369,
    "errorCount" : 11266,
    "errorPct" : 19.301342,
    "meanResTime" : 21173.186691565956,
    "medianResTime" : 860.0,
    "minResTime" : 1.0,
    "maxResTime" : 174364.0,
    "pct1ResTime" : 134012.0,
    "pct2ResTime" : 134773.0,
    "pct3ResTime" : 172822.94,
    "throughput" : 247.48566873579594,
    "receivedKBytesPerSec" : 52787.053915220284,
    "sentKBytesPerSec" : 32.03331038423052
  },
  "Update character" : {
    "transaction" : "Update character",
    "sampleCount" : 50202,
    "errorCount" : 2614,
    "errorPct" : 5.206964,
    "meanResTime" : 1459.3169196446345,
    "medianResTime" : 305.0,
    "minResTime" : 0.0,
    "maxResTime" : 133614.0,
    "pct1ResTime" : 873.0,
    "pct2ResTime" : 16916.9,
    "pct3ResTime" : 67276.64000000006,
    "throughput" : 185.00215581572752,
    "receivedKBytesPerSec" : 57.602788764146396,
    "sentKBytesPerSec" : 38.645991104035616
  },
  "Get character by id" : {
    "transaction" : "Get character by id",
    "sampleCount" : 53951,
    "errorCount" : 5903,
    "errorPct" : 10.94141,
    "meanResTime" : 3591.7098107541988,
    "medianResTime" : 449.0,
    "minResTime" : 0.0,
    "maxResTime" : 133125.0,
    "pct1ResTime" : 32469.9,
    "pct2ResTime" : 65201.95,
    "pct3ResTime" : 68269.84000000003,
    "throughput" : 195.10775028117416,
    "receivedKBytesPerSec" : 68.7825842211566,
    "sentKBytesPerSec" : 29.730883942423485
  }
}