{
  "Create new character" : {
    "transaction" : "Create new character",
    "sampleCount" : 2000,
    "errorCount" : 0,
    "errorPct" : 0.0,
    "meanResTime" : 156.52999999999975,
    "medianResTime" : 186.0,
    "minResTime" : 1.0,
    "maxResTime" : 400.0,
    "pct1ResTime" : 237.0,
    "pct2ResTime" : 259.9499999999998,
    "pct3ResTime" : 392.0,
    "throughput" : 418.3225266680611,
    "receivedKBytesPerSec" : 113.863184022694,
    "sentKBytesPerSec" : 87.42287178414558
  },
  "Delete character" : {
    "transaction" : "Delete character",
    "sampleCount" : 2000,
    "errorCount" : 0,
    "errorPct" : 0.0,
    "meanResTime" : 165.53300000000016,
    "medianResTime" : 186.0,
    "minResTime" : 1.0,
    "maxResTime" : 397.0,
    "pct1ResTime" : 246.9000000000001,
    "pct2ResTime" : 265.0,
    "pct3ResTime" : 277.99,
    "throughput" : 432.80675178532783,
    "receivedKBytesPerSec" : 123.84021315732524,
    "sentKBytesPerSec" : 77.23001142880328
  },
  "Total" : {
    "transaction" : "Total",
    "sampleCount" : 10000,
    "errorCount" : 0,
    "errorPct" : 0.0,
    "meanResTime" : 252.5429999999993,
    "medianResTime" : 196.0,
    "minResTime" : 1.0,
    "maxResTime" : 1222.0,
    "pct1ResTime" : 386.0,
    "pct2ResTime" : 1040.0,
    "pct3ResTime" : 1128.9899999999998,
    "throughput" : 2010.0502512562812,
    "receivedKBytesPerSec" : 2825.0936322236184,
    "sentKBytesPerSec" : 365.9577182788945
  },
  "Get all characters" : {
    "transaction" : "Get all characters",
    "sampleCount" : 2000,
    "errorCount" : 0,
    "errorPct" : 0.0,
    "meanResTime" : 572.109500000001,
    "medianResTime" : 279.0,
    "minResTime" : 1.0,
    "maxResTime" : 1222.0,
    "pct1ResTime" : 1091.0,
    "pct2ResTime" : 1128.9499999999998,
    "pct3ResTime" : 1170.98,
    "throughput" : 441.2089124200309,
    "receivedKBytesPerSec" : 2618.346965999338,
    "sentKBytesPerSec" : 68.07715640855945
  },
  "Update character" : {
    "transaction" : "Update character",
    "sampleCount" : 2000,
    "errorCount" : 0,
    "errorPct" : 0.0,
    "meanResTime" : 189.6949999999998,
    "medianResTime" : 212.0,
    "minResTime" : 2.0,
    "maxResTime" : 441.0,
    "pct1ResTime" : 329.9000000000001,
    "pct2ResTime" : 336.0,
    "pct3ResTime" : 340.0,
    "throughput" : 427.71599657827204,
    "receivedKBytesPerSec" : 114.33153503261335,
    "sentKBytesPerSec" : 90.52312506683062
  },
  "Get character by id" : {
    "transaction" : "Get character by id",
    "sampleCount" : 2000,
    "errorCount" : 0,
    "errorPct" : 0.0,
    "meanResTime" : 178.8474999999998,
    "medianResTime" : 183.0,
    "minResTime" : 1.0,
    "maxResTime" : 513.0,
    "pct1ResTime" : 326.0,
    "pct2ResTime" : 339.0,
    "pct3ResTime" : 341.0,
    "throughput" : 424.1781548250265,
    "receivedKBytesPerSec" : 113.38584471102864,
    "sentKBytesPerSec" : 66.57712254772004
  }
}